{
    "gyro_left": [
        1.2,
        1.3,
        1.1,
        1.0,
        0.9,
        1.1,
        1.2,
        1.3,
        1.1,
        1.0,
        0.9,
        1.1
    ],
    "gyro_right": [
        1.1,
        1.4,
        1.0,
        0.95,
        1.05,
        1.2,
        1.1,
        1.4,
        1.0,
        0.95,
        1.05,
        1.2
    ],
    "time_from_start": [
        0,
        100,
        200,
        300,
        400,
        500,
        600,
        700,
        800,
        900,
        1000,
        1100
    ],
    "elapsed_time_s": [
        0,
        0.1,
        0.2,
        0.3,
        0.4,
        0.5,
        0.6,
        0.7,
        0.8,
        0.9,
        1.0,
        1.1
    ],
    "calibration_name": "Test_Calibration",
    "smarthub_id": "test_device",
    "gyro_right_smoothed": [
        1.1,
        1.3999999999999997,
        1.0,
        0.95,
        1.05,
        1.1999999999999997,
        1.1,
        1.3999999999999997,
        1.0,
        0.9499999999999998,
        1.05,
        1.1999999999999997
    ],
    "gyro_left_smoothed": [
        1.2,
        1.3,
        1.1,
        1.0,
        0.8999999999999999,
        1.1,
        1.2,
        1.3,
        1.1,
        1.0,
        0.9000000000000001,
        1.1
    ]
}